<application>
  <component name="ParameterNameHintsSettings">
    <blacklists>
      <blacklist language="Java">
        <added pattern="com.YinHeParking.Parking.utils.ToastUtils.showToast(context,message)" />
        <added pattern="com.yh.searchprecious.utils.ToastUtils.showToast(context,message)" />
        <added pattern="com.yh.elementstar.utils.ToastUtils.showToast(context,message)" />
        <added pattern="com.yh.distribution.utils.ToastUtils.showToast(context,message)" />
      </blacklist>
    </blacklists>
    <option id="SHOW_PROPERTY_HINT" value="true" />
    <option id="SHOW_LOCAL_VARIABLE_HINT" value="true" />
  </component>
</application>